NEIGHBORHOOD,ADDRESS,ZIPS
Aksarben-Elmwood Park ,5501 Leavenworth St,68106
Applewood Heights ,10410 Y St,68127
Armbrust Acres ,16630 Frederick Cir,68130
Bay Shores ,16732 H Cir,68135
Beals ,2126 S 48 St,68106
Bedford Place ,2856 Spaulding St,68111
Belvedere Point ,3215 Belvedere Bd,68111
Bemis Park ,P.O. BOX 31747,68132
Bent Creek ,1322 N 162 St,68118
Central Park ,4517 N 37th Street ,68111
Fontenelle View ,4514 N 46th Street,68104
Hartman Avenue ,5224 Ellison Av,68104
Hillsborough ,4251 N. 142nd Street,68164
Eagle Run ,12962 Eagle Run Dr,68164
Harvey Oaks ,2418 S 151 St,68144
Leawood Southwest ,2408 S 167th St,68130
Keystone Community ,8609 Ames Ave,68134
John Creighton Blvd ,3442 Corby St,68111
Fairfax ,3516 N 039 St,68111
Horizons Neighborhood ,10517 Izard,68114
Karen Western ,4539 S 062 St,68117
Highland Park ,3721 S 25 St,68107
H And L Community ,4507 S 034 St,68107
Park Avenue Neighborhood ,2967 Pacific St,68105
Field Club ,3543 Walnut Street ,68105
Fort Redman Neighborhood ,4764 Jaynes St,68104
Gifford Park Neighborhood,3409 California St,68131
Clairmont Heights ,2459 N 45th Ave,68104
Conestoga Place ,2190 Parker Cr,68110
Country Club Community ,2016 N 53St,68104
Columbus Park Neighborhood ,2221 Mason St,68108
Dundee-Memorial Park ,,68132
Dundee Neighborhood ,641 N 047 St,68132
Elmwood Park ,627 S 67 Ave,68106
Highlander-Prospect Place ,2574 Camden Avenue,68111
Hanscom Park Neighborhood ,PO Box 3121,68108
Joslyn Castle Neighborhood,PO Box 31764,68131
Binney Wirt Spencer and Lothrop ,1619 Lothrop,68110
Long School Neighborhood ,2520 Franklin St,68111
Linden Park ,1506 N 133rd St,68154
Lindenwood ,14164 Seward St,68154
Mission Hills ,PO Box 45294,68145
Miller Park-Minne Lusa Community ,6803 Minne Lusa Blvd,68112
Mockingbird Hills Neighborhood,4805 S 091 Av Cr,68127
Monmouth Park Neighborhood ,"5904 Henninger Drive, Apt. 204",68104
Original Montclair ,3154 Lincoln Blvd,68131
Morton Meadows ,4202 Pine St,68106
Neighbors In Action ,3205 Emmet St,68111
Northwest Omaha Neighborhood ,5508 N 063 St,68104
North Omaha Neighborhood ,"5904 Henninger Drive, Apt. 204",68104
OIC Neighborhood ,P.O. Box 11643,68111
Old Loveland ,8309 Howard St.,68114
Oak Hills ,12612 Schroeder Cr,68137
Old Millard East Neighborhood ,5053 S 134 St,68137
Greenfields Residents,16016 Nottingham Dr,68118
Pointe Homeowners ,,68135
The Quarters Neighborhood ,11616 I St,68137
Windridge Estates ,15672 Hamilton St,68118
Rambleridge Property Owners ,Po Box 34482,68134
Raven Oaks Improvement ,8726 N 052 Av,68152
Regency Homes ,9738 Brentwood Road ,68114
Rockbrook Community ,1923 S 111 St,68144
Royalwood Estates ,1906 S. 131st Avenue,68144
Seville ,642 N 147 Ave,68154
Saddle Hills Neighborhood,5524 N 78th Ave,68134
Candlewood ,1411 N 126 St,68154
South Side Terrace ,5335 S 30th St,68107
Walnut Grove,14435 Weir Cr,68137
Walnut Hill ,4104 Lafayette Ave,68131
Waverly Park ,3105 Fontenelle Bd,68104
Wedgewood ,934 S 119 Plz,68154
West Fairacres ,315 S. 124th Circle,68154
Wiercrest ,6011 Holmes St,68117
Sunridge II Homeowners ,2325 N 134 St,68164
Brook Hollow ,11115 Woolworth Plaza,68144
Military Avenue ,2115 Military Av,68111
Fairacres Neighborhood,6451 Cuming Street,68132
North Gold Coast Neighborhood ,415 N 038 St,68131
Dahlman Neighborhood ,1309 S 6th St,68108
Montclair Trendwood Parkside & Georgetown ,1848 S 138th St,68144
Benson Neighborhood ,2345 North 64 Street,68104
Fountain Hills-Pacific Meadows ,15905 Jones Cr,68118
Metcalfe-Harrison ,1709 N 50th St.,68104
Stonybrook ,14727 Madison Circle,68137
South Shore Heights ,16411 M Street,68135
Leavenworth Neighborhood ,3031 Leavenworth St,68105
Orchard Hill Neighborhood ,4518 Hamilton St,68132
Westside Neighborhood ,2041 South 88 Street,68124
Woodlyn Park Neighborhood ,12135 Wirt St,68164
Sunridge #1 Homeowners ,13251 Lake St,68164
Meadowbrook ,9824 Seward St,68114
Evans Resident Council,"3600 N 24th St, Apt 409",68110
Blackstone Neighborhood ,3708 Farnam St,68131
Concord Square ,1725 N 021 St,68110
Westgate Area Neighborhood ,,68124
Woodbridge Homeowners ,74th and Girard,68122
Woodhurst ,7505 N 055 Pa,68152
Western Trails Hidden Ridge ,16512 Cedar St,68130
Lee Valley Neighborhood ,10629 Parker St,68114
Ames-Benson Neighborhood ,6302 Taylor Cir,68104
Crescent Oaks ,14518 Oak St,68144
Escalante Hills ,10924 Saratoga Plaza,68164
Greenfields Nature Sanctuary ,16032 Nottingham Dr,68118
Maple Village Neighborhood,9542 Ruggles St,68134
Oakbrook Neighborhood ,11011 Oakbrook Dr,68154
Old Market South Neighborhood ,5528 Emile Street,68106
Roanoke Neighborhood ,4911 N 113th St,68164
Skyline Woods ,21530 Pinehurst Ave,68022
Sunny Slope-Sunny View,4432 Crestline Drive,68134
"Greentree, Iron Ridge, Tranquility View (GIT)",12991 Redman Circle,68164
Country Club Hills Neighborhood,7721 Fairway Dr,68152
Pheasant Run-Linden Place ,15321 Allan Drive,68137
Ridges Homeowners ,,68154
Skyline Ranches ,915 S 205th Street,68022
Chapel Hill & Rogers Ridge,711 S 216 St,68022
Loveland ,8086 Dorcas St,68124
Bryn Mawr ,,68154
Wyman Heights ,9645 N 29th St,68112
Montclair West & Kingswood ,13648 Atwood Ave,68144
Pacific Pointe ,1308 South 194th Street,68130
Deer Park,2207 Deer Park Blvd,68108
Spring Ridge ,P.O. Box 540751,68154
Cherry Hills H,PO Box 641803,68164
Walnut Ridge ,4303 N 158th Ave,68116
Willow Wood ,2219 N 128th Circle,68164
Cole Creek ,7756 N 85 St,68122
E R Danner-Kountze Park ,3622 N. 21st Street,68110
Prairie Lane ,3432 S. 115th Ave.,68144
Skylark-Cryer ,11722 Shirley St.,68144
Omaha View ,3123 Corby St,68111
Laird Street ,1814 Laird St,68110
Pacific Springs ,PO Box 540765,68154
Banyan Hills ,17308 William Cir,68130
Spanish Village ,12330 Burt St,68154
Westwood Heights ,12418 C St,68144
Fire Ridge ,19621 Leavenworth St,68022
Villas At Hawthorne ,5002 S 178 St,68135
Prairie Pointe ,4958 S 166th Circle,68135
Country Club Oaks ,6053 Country Club Oaks Pl.,68152
Standing Bear Townhomes East ,5418 N 134 Ave,68164
Cambridge Oaks ,16715 Harney St,68118
Highland Park-Seven Pines ,15220 Spencer St,68116
Walnut Lake ,4806 S 154th Plaza,68137
Merrifield Village ,1707 S 173 Pl,68130
Leawood West ,13106 Morrison Drive,68154
Pepperwood ,751 N 155 St,68154
Arbor Oaks ,14715 Sahler St,68116
Lynch Park ,2236 So 20Th St,68108
"RANA, Redick Ave ",4522 Redick Ave ,68152
The Fort Omaha,5003 N 27th St,68111
Sunset Hills-Happy Hollow Hills,1636 S 99th St,68124
Benson Gardens ,2424 N. 79th Street,68134
Burlington Road ,3305 E Street/P.O.Box 7126,68107
Autumn Ridge ,"ARHA, PO Box 45748",68145
Scarborough Properties ,3009 S 160th Plaza,68130
Prospect Village,1610 N 35th St,68111
Torrey Pines HOA,P.O. Box 359,68010
Field Club North (formerly Pacific Leavenworth NA),924 S. 36th Street,68105
Swanson Park ,8613 Brentwood Road,68114
Peony Park ,833 N 78th St,68114
Brown Park ,1502 Washington St,68107
Bensonhurst ,3126 N 58th Street,68104
Somerset ,7802 N. 81st Street,68122
Greenbriar Addition ,921 S 113th Street ,68154
Pulaski Park ,4130 S 41st Ave,68107
Downtown Northeast ,5110 Mayberry Street,68106
Glenbrook ,7037 N 79th Court,68122
Levi Carter Sherman ,1110 E. Camden Ave,68110
Nelson's Creek HOA,14828 Grant St,68116
Pacific Meadows I,306 South 160th St,68118
Chimney Ridge ,15611 Rolling Ridge Rd,68135
Pierce Point ,1109 S 15th Circle,68108
Pacific Heights-Shaker Heights ,16355 Poppleton Ave,68130
Underwood Tower Resident Council,4850 Underwood Ave,68132
West Fairacres Place ,12733 Davenport Plz,68154
Westchester of Millard,4880 Marshall Drive,68137
Greenfields Outlot One ,15910 Nottingham Dr,68118
Fair Meadows ,2318 N 191 Avenue,68022
Robin Hill ,PO Box 6651,68106
Pacific Ridge ,P.O. Box 673,68022
Eldorado II ,14964 Charles Plz,68154
Ponca Hills Preservation ,10340 North 84th Street,68122
Saddle Creek Corridor,3010 Lincoln Blvd,68131
Falcon Ridge ,18324 Drexel Street,68135
Lake Forest Estates,11348 Manderson St,68164
Mission Park ,6633 South 172nd Avenue,68135
Western Hills ,856 N. 68th St.,68132
Lake Cunningham Hills ,8201 Clay St,68122
Piedmont-Wycliffe ,904 S 151st Circle,68154
Highland South-Indian Hills ,5415 S. 30th Street,68107
Thornburg Place,1005 S 041 St,68105
Kimberly Place ,10203 Corby Street,68134
Elk Creek Crossing ,"Attn: Sam Wright, For ECC 7801 Wakeley Plaza",68114
Pacific Hollow ,1604 S 154th St,68144
Western Springs ,17755 Martha St,68130
